image,well,dapi_n,neuron,CELLNUMBERSEEDED,hydrogen_peroxide,neuron_n,axon_seg_count,axon_seg_area,axon_seg_av_size,per_neuron_axon_seg_count,per_neuron_axon_seg_area
10-20191128-DMV-XII-H2O2,A01,2105,DMV,6400,0,48,5813,134638,23.162,121.10416666666667,2804.9583333333335
10-20191128-DMV-XII-H2O2,A02,1820,DMV,6400,0,43,6052,116817,19.302,140.74418604651163,2716.6744186046512
10-20191128-DMV-XII-H2O2,A03,2842,DMV,6400,0,39,6807,173936,25.553,174.53846153846155,4459.897435897436
10-20191128-DMV-XII-H2O2,A06,1638,DMV,6400,100,28,2219,37706,16.992,79.25,1346.642857142857
10-20191128-DMV-XII-H2O2,A07,1996,DMV,6400,100,55,4638,111744,24.093,84.32727272727273,2031.709090909091
10-20191128-DMV-XII-H2O2,A08,1382,DMV,6400,150,25,1764,20093,11.391,70.56,803.72
10-20191128-DMV-XII-H2O2,A09,1666,DMV,6400,150,42,3680,46795,12.716,87.61904761904762,1114.1666666666667
10-20191128-DMV-XII-H2O2,A10,1604,DMV,6400,150,38,3255,31525,9.685,85.65789473684211,829.6052631578947
10-20191128-DMV-XII-H2O2,A11,1524,DMV,6400,200,28,2818,24801,8.801,100.64285714285714,885.75
10-20191128-DMV-XII-H2O2,A12,2147,DMV,6400,200,46,3963,53996,13.625,86.15217391304348,1173.8260869565217
10-20191128-DMV-XII-H2O2,B01,1970,DMV,6400,0,31,6844,150495,21.989,220.7741935483871,4854.677419354839
10-20191128-DMV-XII-H2O2,B02,2067,DMV,6400,0,53,7741,205527,26.55,146.0566037735849,3877.867924528302
10-20191128-DMV-XII-H2O2,B03,2296,DMV,6400,0,58,6482,130813,20.181,111.75862068965517,2255.396551724138
10-20191128-DMV-XII-H2O2,B06,1620,DMV,6400,100,30,4551,76216,16.747,151.7,2540.5333333333333
10-20191128-DMV-XII-H2O2,B07,1350,DMV,6400,100,28,2120,48616,22.932,75.71428571428571,1736.2857142857142
10-20191128-DMV-XII-H2O2,B08,1350,DMV,6400,150,32,2180,23390,10.729,68.125,730.9375
10-20191128-DMV-XII-H2O2,B09,1242,DMV,6400,150,16,2271,24216,10.663,141.9375,1513.5
10-20191128-DMV-XII-H2O2,B10,1567,DMV,6400,150,40,4051,42488,10.488,101.275,1062.2
10-20191128-DMV-XII-H2O2,B11,1026,DMV,6400,200,14,2323,20497,8.824,165.92857142857142,1464.0714285714287
10-20191128-DMV-XII-H2O2,B12,2100,DMV,6400,200,46,4863,50217,10.326,105.71739130434783,1091.6739130434783
10-20191128-DMV-XII-H2O2,C01,1811,DMV,6400,0,60,7457,208064,27.902,124.28333333333333,3467.733333333333
10-20191128-DMV-XII-H2O2,C02,1819,DMV,6400,0,43,5733,120475,21.014,133.32558139534885,2801.7441860465115
10-20191128-DMV-XII-H2O2,C03,1755,DMV,6400,0,46,5188,98685,19.022,112.78260869565217,2145.3260869565215
10-20191128-DMV-XII-H2O2,C06,2031,DMV,6400,100,33,3152,44033,13.97,95.51515151515152,1334.3333333333333
10-20191128-DMV-XII-H2O2,C07,1613,DMV,6400,100,40,3339,47829,14.324,83.475,1195.725
10-20191128-DMV-XII-H2O2,C08,1111,DMV,6400,150,18,1869,19855,10.623,103.83333333333333,1103.0555555555557
10-20191128-DMV-XII-H2O2,C09,1544,DMV,6400,150,28,3393,32571,9.599,121.17857142857143,1163.25
10-20191128-DMV-XII-H2O2,C10,1260,DMV,6400,150,42,3518,32939,9.363,83.76190476190476,784.2619047619048
10-20191128-DMV-XII-H2O2,C11,1322,DMV,6400,200,32,3380,29483,8.723,105.625,921.34375
10-20191128-DMV-XII-H2O2,C12,2222,DMV,6400,200,30,3402,33180,9.753,113.4,1106
10-20191128-DMV-XII-H2O2,D01,1498,DMV,6400,0,39,5267,93538,17.759,135.05128205128204,2398.4102564102564
10-20191128-DMV-XII-H2O2,D02,1830,DMV,6400,0,68,6277,149036,23.743,92.30882352941177,2191.705882352941
10-20191128-DMV-XII-H2O2,D03,1273,DMV,6400,0,36,3900,64076,16.43,108.33333333333333,1779.888888888889
10-20191128-DMV-XII-H2O2,D06,1380,DMV,6400,100,35,2763,46211,16.725,78.94285714285714,1320.3142857142857
10-20191128-DMV-XII-H2O2,D07,1436,DMV,6400,100,43,3130,48393,15.461,72.79069767441861,1125.4186046511627
10-20191128-DMV-XII-H2O2,D08,1239,DMV,6400,150,31,2374,25572,10.772,76.58064516129032,824.9032258064516
10-20191128-DMV-XII-H2O2,D09,1065,DMV,6400,150,24,1850,18214,9.845,77.08333333333333,758.9166666666666
10-20191128-DMV-XII-H2O2,D10,1381,DMV,6400,150,35,3389,34255,10.108,96.82857142857142,978.7142857142857
10-20191128-DMV-XII-H2O2,D11,2241,DMV,6400,200,28,3646,35240,9.665,130.21428571428572,1258.5714285714287
10-20191128-DMV-XII-H2O2,D12,1597,DMV,6400,200,27,3490,29231,8.376,129.25925925925927,1082.6296296296296
10-20191128-DMV-XII-H2O2,E01,1662,XII,1950,0,8,887,19393,21.864,110.875,2424.125
10-20191128-DMV-XII-H2O2,E02,1980,XII,1950,0,9,823,14412,17.512,91.44444444444444,1601.3333333333333
10-20191128-DMV-XII-H2O2,E03,1418,XII,1950,0,4,621,10639,17.132,155.25,2659.75
10-20191128-DMV-XII-H2O2,E06,1149,XII,1950,100,4,189,2051,10.852,47.25,512.75
10-20191128-DMV-XII-H2O2,E07,1189,XII,1950,100,4,223,1896,8.502,55.75,474
10-20191128-DMV-XII-H2O2,E08,981,XII,1950,150,3,120,712,5.933,40,237.33333333333334
10-20191128-DMV-XII-H2O2,E09,1321,XII,1950,150,3,196,2218,11.316,65.33333333333333,739.3333333333334
10-20191128-DMV-XII-H2O2,E10,1252,XII,1950,150,3,246,2105,8.557,82,701.6666666666666
10-20191128-DMV-XII-H2O2,E11,1420,XII,1950,200,4,247,1425,5.769,61.75,356.25
10-20191128-DMV-XII-H2O2,E12,1394,XII,1950,200,5,136,1366,10.044,27.2,273.2
10-20191128-DMV-XII-H2O2,F01,1031,XII,1950,0,6,629,11136,17.704,104.83333333333333,1856
10-20191128-DMV-XII-H2O2,F02,2147,XII,1950,0,6,641,9567,14.925,106.83333333333333,1594.5
10-20191128-DMV-XII-H2O2,F03,1400,XII,1950,0,5,494,5064,10.251,98.8,1012.8
10-20191128-DMV-XII-H2O2,F06,1439,XII,1950,100,7,183,1547,8.454,26.142857142857142,221
10-20191128-DMV-XII-H2O2,F08,1115,XII,1950,150,3,281,2521,8.972,93.66666666666667,840.3333333333334
10-20191128-DMV-XII-H2O2,F09,1267,XII,1950,150,7,272,1761,6.474,38.857142857142854,251.57142857142858
10-20191128-DMV-XII-H2O2,F10,1376,XII,1950,150,7,324,3282,10.13,46.285714285714285,468.85714285714283
10-20191128-DMV-XII-H2O2,F11,589,XII,1950,200,2,184,980,5.326,92,490
10-20191128-DMV-XII-H2O2,F12,1525,XII,1950,200,2,155,1825,11.774,77.5,912.5
10-20191128-DMV-XII-H2O2,G01,1743,XII,1950,0,2,764,11736,15.361,382,5868
10-20191128-DMV-XII-H2O2,G03,1769,XII,1950,0,2,436,6073,13.929,218,3036.5
10-20191128-DMV-XII-H2O2,G06,1303,XII,1950,100,10,632,18480,29.241,63.2,1848
10-20191128-DMV-XII-H2O2,G07,1380,XII,1950,100,2,143,1300,9.091,71.5,650
10-20191128-DMV-XII-H2O2,G08,1178,XII,1950,150,6,486,7760,15.967,81,1293.3333333333333
10-20191128-DMV-XII-H2O2,G09,1653,XII,1950,150,3,165,1464,8.873,55,488
10-20191128-DMV-XII-H2O2,G10,1176,XII,1950,150,3,323,2404,7.443,107.66666666666667,801.3333333333334
10-20191128-DMV-XII-H2O2,G11,1731,XII,1950,200,3,169,1686,9.976,56.333333333333336,562
10-20191128-DMV-XII-H2O2,G12,1246,XII,1950,200,1,212,1742,8.217,212,1742
10-20191128-DMV-XII-H2O2,H01,2084,XII,1950,0,3,736,9834,13.361,245.33333333333334,3278
10-20191128-DMV-XII-H2O2,H02,1798,XII,1950,0,3,533,5805,10.891,177.66666666666666,1935
10-20191128-DMV-XII-H2O2,H03,1790,XII,1950,0,11,758,18977,25.036,68.9090909090909,1725.1818181818182
10-20191128-DMV-XII-H2O2,H06,1654,XII,1950,100,4,232,2444,10.534,58,611
10-20191128-DMV-XII-H2O2,H07,2076,XII,1950,100,6,166,2921,17.596,27.666666666666668,486.8333333333333
10-20191128-DMV-XII-H2O2,H08,1316,XII,1950,150,2,380,2646,6.963,190,1323
10-20191128-DMV-XII-H2O2,H09,1485,XII,1950,150,11,281,4284,15.246,25.545454545454547,389.45454545454544
10-20191128-DMV-XII-H2O2,H10,912,XII,1950,150,3,223,1765,7.915,74.33333333333333,588.3333333333334
10-20191128-DMV-XII-H2O2,H11,1606,XII,1950,200,2,283,2309,8.159,141.5,1154.5
10-20191128-DMV-XII-H2O2,H12,2203,XII,1950,200,6,136,1355,9.963,22.666666666666668,225.83333333333334
12-290191206-SN-VTA-H2O2,A01,2196,VTA,8300,0,29,3281,35109,10.701,113.13793103448276,1210.655172413793
12-290191206-SN-VTA-H2O2,A02,2272,VTA,8300,0,24,3537,35924,10.157,147.375,1496.8333333333333
12-290191206-SN-VTA-H2O2,A03,2611,VTA,8300,0,9,4800,45133,9.403,533.3333333333334,5014.777777777777
12-290191206-SN-VTA-H2O2,A07,2447,VTA,8300,100,4,2936,22890,7.796,734,5722.5
12-290191206-SN-VTA-H2O2,A08,1777,VTA,8300,150,2,1550,9409,6.07,775,4704.5
12-290191206-SN-VTA-H2O2,A11,2376,VTA,8300,200,7,2150,12033,5.597,307.14285714285717,1719
12-290191206-SN-VTA-H2O2,A12,2621,VTA,8300,200,1,1687,10074,5.972,1687,10074
12-290191206-SN-VTA-H2O2,B01,2228,VTA,8300,0,15,3446,32798,9.518,229.73333333333332,2186.5333333333333
12-290191206-SN-VTA-H2O2,B02,2364,VTA,8300,0,12,4115,42089,10.228,342.9166666666667,3507.4166666666665
12-290191206-SN-VTA-H2O2,B03,1940,VTA,8300,0,13,3313,29615,8.939,254.84615384615384,2278.076923076923
12-290191206-SN-VTA-H2O2,B06,1890,VTA,8300,100,5,1921,11677,6.079,384.2,2335.4
12-290191206-SN-VTA-H2O2,B07,1602,VTA,8300,100,9,2123,14312,6.741,235.88888888888889,1590.2222222222222
12-290191206-SN-VTA-H2O2,B08,1191,VTA,8300,150,2,1549,8803,5.683,774.5,4401.5
12-290191206-SN-VTA-H2O2,B09,1632,VTA,8300,150,2,1962,9971,5.082,981,4985.5
12-290191206-SN-VTA-H2O2,B10,1494,VTA,8300,150,1,1973,9271,4.699,1973,9271
12-290191206-SN-VTA-H2O2,B11,1677,VTA,8300,200,2,1678,8573,5.109,839,4286.5
12-290191206-SN-VTA-H2O2,B12,2929,VTA,8300,200,4,2286,14104,6.17,571.5,3526
12-290191206-SN-VTA-H2O2,C01,2277,VTA,8300,0,11,3840,36305,9.454,349.09090909090907,3300.4545454545455
12-290191206-SN-VTA-H2O2,C02,1954,VTA,8300,0,12,3912,34227,8.749,326,2852.25
12-290191206-SN-VTA-H2O2,C03,2149,VTA,8300,0,11,3399,30902,9.091,309,2809.2727272727275
12-290191206-SN-VTA-H2O2,C06,1973,VTA,8300,100,6,2248,13811,6.144,374.6666666666667,2301.8333333333335
12-290191206-SN-VTA-H2O2,C07,1649,VTA,8300,100,5,1609,10674,6.634,321.8,2134.8
12-290191206-SN-VTA-H2O2,C08,1295,VTA,8300,150,2,1046,5357,5.121,523,2678.5
12-290191206-SN-VTA-H2O2,C09,1588,VTA,8300,150,3,2095,9870,4.711,698.3333333333334,3290
12-290191206-SN-VTA-H2O2,C10,1601,VTA,8300,150,3,1451,8376,5.773,483.6666666666667,2792
12-290191206-SN-VTA-H2O2,C11,1664,VTA,8300,200,2,2272,10443,4.596,1136,5221.5
12-290191206-SN-VTA-H2O2,C12,4579,VTA,8300,200,2,2353,12294,5.225,1176.5,6147
12-290191206-SN-VTA-H2O2,D01,2031,VTA,8300,0,16,2513,22677,9.024,157.0625,1417.3125
12-290191206-SN-VTA-H2O2,D02,5911,VTA,8300,0,28,3249,40035,12.322,116.03571428571429,1429.8214285714287
12-290191206-SN-VTA-H2O2,D03,4641,VTA,8300,0,10,3167,28820,9.1,316.7,2882
12-290191206-SN-VTA-H2O2,D06,1712,VTA,8300,100,2,1995,14039,7.037,997.5,7019.5
12-290191206-SN-VTA-H2O2,D07,1980,VTA,8300,100,4,1786,13316,7.456,446.5,3329
12-290191206-SN-VTA-H2O2,D08,1794,VTA,8300,150,4,1897,12781,6.737,474.25,3195.25
12-290191206-SN-VTA-H2O2,D10,1865,VTA,8300,150,3,2328,15954,6.853,776,5318
12-290191206-SN-VTA-H2O2,D11,1561,VTA,8300,200,1,2021,11366,5.624,2021,11366
12-290191206-SN-VTA-H2O2,D12,3409,VTA,8300,200,3,2521,15577,6.179,840.3333333333334,5192.333333333333
12-290191206-SN-VTA-H2O2,E01,1622,SN,12600,0,5,540,5277,9.772,108,1055.4
12-290191206-SN-VTA-H2O2,E02,2086,SN,12600,0,7,1228,9939,8.094,175.42857142857142,1419.857142857143
12-290191206-SN-VTA-H2O2,E03,2035,SN,12600,0,5,787,6658,8.46,157.4,1331.6
12-290191206-SN-VTA-H2O2,E06,1715,SN,12600,100,1,439,2522,5.745,439,2522
12-290191206-SN-VTA-H2O2,E07,1706,SN,12600,100,2,446,2725,6.11,223,1362.5
12-290191206-SN-VTA-H2O2,F01,1604,SN,12600,0,6,650,7084,10.898,108.33333333333333,1180.6666666666667
12-290191206-SN-VTA-H2O2,F02,2106,SN,12600,0,4,873,7775,8.906,218.25,1943.75
12-290191206-SN-VTA-H2O2,F03,1810,SN,12600,0,3,750,6221,8.295,250,2073.6666666666665
12-290191206-SN-VTA-H2O2,F06,1328,SN,12600,100,2,300,2404,8.013,150,1202
12-290191206-SN-VTA-H2O2,G01,1984,SN,12600,0,1,503,4389,8.726,503,4389
12-290191206-SN-VTA-H2O2,G02,1721,SN,12600,0,3,580,4755,8.198,193.33333333333334,1585
12-290191206-SN-VTA-H2O2,G03,1848,SN,12600,0,2,409,3559,8.702,204.5,1779.5
12-290191206-SN-VTA-H2O2,H01,2416,SN,12600,0,1,548,4241,7.739,548,4241
12-290191206-SN-VTA-H2O2,H02,2799,SN,12600,0,6,697,8666,12.433,116.16666666666667,1444.3333333333333
12-290191206-SN-VTA-H2O2,H03,2781,SN,12600,0,4,762,7374,9.677,190.5,1843.5
12-290191206-SN-VTA-H2O2,H07,1556,SN,12600,100,2,444,3516,7.919,222,1758
2020-006,A02,8972,SN,11000,0,229,40791,810812,19.877,178.12663755458516,3540.6637554585154
2020-006,A03,8888,SN,11000,0,140,35349,630327,17.832,252.49285714285713,4502.335714285714
2020-006,A04,8558,SN,11000,0,98,32096,595548,18.555,327.51020408163265,6077.0204081632655
2020-006,A05,8343,VTA,18000,0,358,78925,1919980,24.327,220.4608938547486,5363.072625698324
2020-006,A06,9070,VTA,18000,0,395,81395,1991566,24.468,206.0632911392405,5041.939240506329
2020-006,A07,8903,VTA,18000,0,415,77823,1966571,25.27,187.52530120481927,4738.7253012048195
2020-006,A08,8510,VTA,18000,0,389,71703,1745145,24.339,184.32647814910027,4486.233933161954
2020-006,B01,7807,SN,11000,0,129,19372,174738,9.02,150.1705426356589,1354.5581395348838
2020-006,B02,9749,SN,11000,0,234,39406,641698,16.284,168.4017094017094,2742.2991452991455
2020-006,B03,9721,SN,11000,0,124,48058,843762,17.557,387.56451612903226,6804.532258064516
2020-006,B04,9703,SN,11000,0,143,50548,888694,17.581,353.4825174825175,6214.643356643357
2020-006,B05,8739,VTA,18000,0,353,87562,2062651,23.556,248.05099150141643,5843.203966005665
2020-006,B06,9625,VTA,18000,0,360,84306,1897316,22.505,234.18333333333334,5270.322222222222
2020-006,B07,9405,VTA,18000,0,371,84713,1891976,22.334,228.33692722371967,5099.66576819407
2020-006,B08,9262,VTA,18000,0,322,87076,1906299,21.892,270.4223602484472,5920.183229813664
2020-006,C01,9160,SN,11000,100,123,34564,638698,18.479,281.0081300813008,5192.666666666667
2020-006,C02,9275,SN,11000,100,118,44115,722841,16.385,373.85593220338984,6125.771186440678
2020-006,C03,9213,SN,11000,100,102,45808,766681,16.737,449.0980392156863,7516.480392156863
2020-006,C04,9118,SN,11000,100,139,49337,797775,16.17,354.9424460431655,5739.3884892086335
2020-006,C05,9180,VTA,18000,100,374,83038,1862750,22.433,222.02673796791444,4980.614973262032
2020-006,C06,9061,VTA,18000,100,396,86150,1948029,22.612,217.55050505050505,4919.265151515152
2020-006,C07,9023,VTA,18000,100,341,87193,1927525,22.106,255.69794721407624,5652.5659824046925
2020-006,C08,8549,VTA,18000,100,371,80636,1787572,22.168,217.3477088948787,4818.253369272237
2020-006,D01,9488,SN,11000,100,112,40067,692730,17.289,357.74107142857144,6185.089285714285
2020-006,D02,9724,SN,11000,100,124,39167,635167,16.217,315.86290322580646,5122.314516129032
2020-006,D03,9012,SN,11000,100,130,42382,666965,15.737,326.0153846153846,5130.5
2020-006,D04,9103,SN,11000,100,120,37366,608912,16.296,311.3833333333333,5074.266666666666
2020-006,D05,8207,VTA,18000,100,344,66364,1449409,21.84,192.91860465116278,4213.398255813953
2020-006,D06,9538,VTA,18000,100,350,77001,1611764,20.932,220.00285714285715,4605.04
2020-006,D07,8596,VTA,18000,100,300,73145,1505195,20.578,243.81666666666666,5017.316666666667
2020-006,D08,8652,VTA,18000,100,320,77604,1584745,20.421,242.5125,4952.328125
2020-006,E05,8785,VTA,18000,150,337,57566,1237291,21.493,170.81899109792286,3671.486646884273
2020-006,E06,8344,VTA,18000,150,355,70571,1512185,21.428,198.79154929577464,4259.6760563380285
2020-006,E07,8337,VTA,18000,150,315,54511,1170014,21.464,173.05079365079365,3714.330158730159
2020-006,E08,7930,VTA,18000,150,334,74834,1496257,19.994,224.05389221556885,4479.811377245509
2020-006,F05,8670,VTA,18000,150,293,65519,1313272,20.044,223.61433447098977,4482.15699658703
2020-006,F06,9029,VTA,18000,150,299,70120,1346645,19.205,234.51505016722408,4503.829431438127
2020-006,F07,8435,VTA,18000,150,293,72686,1433362,19.72,248.07508532423208,4892.020477815699
2020-006,F08,8395,VTA,18000,150,329,67891,1410360,20.774,206.35562310030394,4286.808510638298
2020-006,G05,8907,VTA,18000,200,346,46572,915823,19.665,134.60115606936415,2646.8872832369943
2020-006,G06,8668,VTA,18000,200,361,52031,1023209,19.665,144.13019390581718,2834.3739612188365
2020-006,G07,8080,VTA,18000,200,317,46481,934459,20.104,146.62776025236593,2947.820189274448
2020-006,G08,8419,VTA,18000,200,402,41572,841344,20.238,103.41293532338308,2092.89552238806
2020-006,H05,8656,VTA,18000,200,357,34120,708128,20.754,95.57422969187675,1983.5518207282912
2020-006,H06,8998,VTA,18000,200,331,40696,988224,24.283,122.94864048338368,2985.570996978852
2020-006,H07,7685,VTA,18000,200,399,34316,771816,22.491,86.00501253132832,1934.375939849624
2020-006,H08,8646,VTA,18000,200,408,44606,1064811,23.871,109.32843137254902,2609.830882352941
2020-018,A01,13895,STR,NA,0,14,2200,30398,13.817,157.14285714285714,2171.285714285714
2020-018,A02,12931,STR,NA,0,27,3381,45944,13.589,125.22222222222223,1701.6296296296296
2020-018,A03,13471,STR,NA,0,31,4722,71132,15.064,152.32258064516128,2294.5806451612902
2020-018,A04,12631,STR,NA,0,21,4354,49618,11.396,207.33333333333334,2362.7619047619046
2020-018,A05,8660,XII,NA,0,3,431,13719,31.831,143.66666666666666,4573
2020-018,A06,8372,XII,NA,0,12,882,35174,39.88,73.5,2931.1666666666665
2020-018,A07,8631,XII,NA,0,5,936,17404,18.594,187.2,3480.8
2020-018,A08,8065,XII,NA,0,17,2085,56761,27.224,122.6470588235294,3338.8823529411766
2020-018,A09,9726,DMV,NA,0,141,37761,1546902,40.966,267.8085106382979,10970.936170212766
2020-018,A10,8655,DMV,NA,0,141,35110,1460358,41.594,249.00709219858157,10357.148936170213
2020-018,A11,8607,DMV,NA,0,190,35175,1367431,38.875,185.1315789473684,7197.005263157895
2020-018,B02,14395,STR,NA,0,40,5105,62737,12.289,127.625,1568.425
2020-018,B03,13702,STR,NA,0,21,5207,71354,13.703,247.95238095238096,3397.809523809524
2020-018,B04,14867,STR,NA,0,24,4698,56096,11.94,195.75,2337.3333333333335
2020-018,B05,8592,XII,NA,0,19,1714,50552,29.494,90.21052631578948,2660.6315789473683
2020-018,B06,9536,XII,NA,0,4,1339,18448,13.777,334.75,4612
2020-018,B07,8283,XII,NA,0,14,393,12261,31.198,28.071428571428573,875.7857142857143
2020-018,B08,10843,XII,NA,0,12,393,12681,32.267,32.75,1056.75
2020-018,B09,10366,DMV,NA,0,196,40783,1706488,41.843,208.0765306122449,8706.57142857143
2020-018,B10,10375,DMV,NA,0,177,39266,1575281,40.118,221.8418079096045,8899.892655367232
2020-018,B11,9468,DMV,NA,0,205,43586,1725805,39.595,212.61463414634147,8418.560975609756
2020-018,B12,10237,DMV,NA,0,130,35920,1547318,43.077,276.3076923076923,11902.446153846155
2020-018,C01,13357,STR,NA,100,24,3687,54565,14.799,153.625,2273.5416666666665
2020-018,C02,12529,STR,NA,100,32,2458,28740,11.692,76.8125,898.125
2020-018,C03,13069,STR,NA,100,27,2832,26988,9.53,104.88888888888889,999.5555555555555
2020-018,C04,12907,STR,NA,100,42,3396,33682,9.918,80.85714285714286,801.952380952381
2020-018,C05,8985,XII,NA,100,4,813,6114,7.52,203.25,1528.5
2020-018,C06,9308,XII,NA,100,5,202,3749,18.559,40.4,749.8
2020-018,C07,9380,XII,NA,100,4,867,11532,13.301,216.75,2883
2020-018,C08,9893,XII,NA,100,11,676,8279,12.247,61.45454545454545,752.6363636363636
2020-018,C09,10121,DMV,NA,100,160,38483,1070194,27.81,240.51875,6688.7125
2020-018,C10,10361,DMV,NA,100,150,37836,1034211,27.334,252.24,6894.74
2020-018,C11,9514,DMV,NA,100,127,39259,1033446,26.324,309.12598425196853,8137.370078740158
2020-018,C12,9594,DMV,NA,100,132,30979,975786,31.498,234.68939393939394,7392.318181818182
2020-018,D01,13045,STR,NA,100,23,2853,28480,9.982,124.04347826086956,1238.2608695652175
2020-018,D02,12504,STR,NA,100,15,3173,29464,9.286,211.53333333333333,1964.2666666666667
2020-018,D03,13589,STR,NA,100,32,3003,28522,9.498,93.84375,891.3125
2020-018,D04,12461,STR,NA,100,41,2201,31513,14.318,53.68292682926829,768.609756097561
2020-018,D05,9262,XII,NA,100,16,750,17616,23.488,46.875,1101
2020-018,D06,8689,XII,NA,100,5,257,1420,5.525,51.4,284
2020-018,D07,8640,XII,NA,100,17,621,12754,20.538,36.529411764705884,750.2352941176471
2020-018,D08,8517,XII,NA,100,9,444,4847,10.917,49.333333333333336,538.5555555555555
2020-018,D09,10003,DMV,NA,100,159,39518,1184928,29.985,248.54088050314465,7452.377358490566
2020-018,D10,9385,DMV,NA,100,119,31866,924189,29.002,267.781512605042,7766.294117647059
2020-018,D11,8964,DMV,NA,100,93,46923,1064497,22.686,504.5483870967742,11446.20430107527
2020-018,D12,9379,DMV,NA,100,115,35328,821036,23.24,307.2,7139.44347826087
2020-018,E01,11915,STR,NA,150,32,1685,27056,16.057,52.65625,845.5
2020-018,E02,12318,STR,NA,150,22,2173,16783,7.723,98.77272727272727,762.8636363636364
2020-018,E03,12711,STR,NA,150,14,2170,20263,9.338,155,1447.357142857143
2020-018,E04,12891,STR,NA,150,13,2217,17818,8.037,170.53846153846155,1370.6153846153845
2020-018,E05,8496,XII,NA,150,10,777,4818,6.201,77.7,481.8
2020-018,E06,9628,XII,NA,150,3,490,2848,5.812,163.33333333333334,949.3333333333334
2020-018,E07,9088,XII,NA,150,10,639,17911,28.03,63.9,1791.1
2020-018,E08,8960,XII,NA,150,4,473,3270,6.913,118.25,817.5
2020-018,E09,8441,DMV,NA,150,117,24131,581794,24.11,206.24786324786325,4972.598290598291
2020-018,E10,8354,DMV,NA,150,95,26349,595519,22.601,277.3578947368421,6268.621052631579
2020-018,E11,8598,DMV,NA,150,105,18736,543034,28.983,178.43809523809523,5171.752380952381
2020-018,E12,8265,DMV,NA,150,112,24477,581609,23.761,218.54464285714286,5192.9375
2020-018,F01,11801,STR,NA,150,17,2005,15992,7.976,117.94117647058823,940.7058823529412
2020-018,F02,12454,STR,NA,150,33,3710,31633,8.526,112.42424242424242,958.5757575757576
2020-018,F03,12422,STR,NA,150,17,2686,22050,8.209,158,1297.0588235294117
2020-018,F04,12752,STR,NA,150,13,2761,19748,7.152,212.3846153846154,1519.076923076923
2020-018,F05,7907,XII,NA,150,8,184,889,4.832,23,111.125
2020-018,F06,8325,XII,NA,150,7,653,5835,8.936,93.28571428571429,833.5714285714286
2020-018,F07,7182,XII,NA,150,5,150,1287,8.58,30,257.4
2020-018,F08,8444,XII,NA,150,3,169,2659,15.734,56.333333333333336,886.3333333333334
2020-018,F09,8274,DMV,NA,150,121,32447,607628,18.727,268.1570247933884,5021.719008264463
2020-018,F10,7719,DMV,NA,150,70,22562,473529,20.988,322.3142857142857,6764.7
2020-018,F11,9605,DMV,NA,150,124,33291,1164160,34.969,268.4758064516129,9388.387096774193
2020-018,F12,9290,DMV,NA,150,130,35588,1028239,28.893,273.75384615384615,7909.530769230769
2020-018,G01,12074,STR,NA,200,25,2422,21123,8.721,96.88,844.92
2020-018,G02,12461,STR,NA,200,14,2588,22312,8.621,184.85714285714286,1593.7142857142858
2020-018,G03,13168,STR,NA,200,19,2722,24194,8.888,143.26315789473685,1273.3684210526317
2020-018,G04,11622,STR,NA,200,36,2571,26231,10.203,71.41666666666667,728.6388888888889
2020-018,G05,7210,XII,NA,200,6,240,1412,5.883,40,235.33333333333334
2020-018,G06,8779,XII,NA,200,5,731,5651,7.731,146.2,1130.2
2020-018,G07,10182,XII,NA,200,8,572,11110,19.423,71.5,1388.75
2020-018,G08,9503,XII,NA,200,10,865,10004,11.565,86.5,1000.4
2020-018,G09,9307,DMV,NA,200,142,36954,846955,22.919,260.23943661971833,5964.471830985915
2020-018,G10,5328,DMV,NA,200,25,5280,105890,20.055,211.2,4235.6
2020-018,G11,5842,DMV,NA,200,78,12984,295896,22.789,166.46153846153845,3793.5384615384614
2020-018,G12,6008,DMV,NA,200,43,7940,136422,17.182,184.65116279069767,3172.6046511627906
2020-018,H01,12169,STR,NA,200,18,1730,16454,9.511,96.11111111111111,914.1111111111111
2020-018,H02,10918,STR,NA,200,21,1439,16465,11.442,68.52380952380952,784.047619047619
2020-018,H03,9240,STR,NA,200,13,1237,15134,12.234,95.15384615384616,1164.1538461538462
2020-018,H04,8859,STR,NA,200,3,565,3851,6.816,188.33333333333334,1283.6666666666667
2020-018,H05,4809,XII,NA,200,2,124,493,3.976,62,246.5
2020-018,H06,5010,XII,NA,200,7,129,1777,13.775,18.428571428571427,253.85714285714286
2020-018,H07,4152,XII,NA,200,2,29,159,5.483,14.5,79.5
2020-018,H08,4876,XII,NA,200,1,171,622,3.637,171,622
2020-018,H09,5944,DMV,NA,200,27,6620,91589,13.835,245.1851851851852,3392.185185185185
2020-018,H10,5511,DMV,NA,200,17,4709,65760,13.965,277,3868.235294117647
2020-018,H11,8025,DMV,NA,200,95,18208,493245,27.089,191.66315789473686,5192.0526315789475
2020-018,H12,8781,DMV,NA,200,105,21631,581000,26.86,206.0095238095238,5533.333333333333
2020-019,A01,5984,LC,6580,0,278,16702,357636,21.413,60.07913669064748,1286.4604316546763
2020-019,A02,4146,LC,6580,0,159,16390,318581,19.438,103.08176100628931,2003.6540880503144
2020-019,A03,4780,LC,6580,0,140,10250,224110,21.864,73.21428571428571,1600.7857142857142
2020-019,A04,5006,LC,6580,0,205,15120,380683,25.177,73.7560975609756,1856.990243902439
2020-019,A05,4518,LC,6580,0,216,15268,361125,23.652,70.68518518518519,1671.875
2020-019,A06,4904,LC,6580,0,227,18114,396081,21.866,79.79735682819383,1744.8502202643172
2020-019,A07,4981,LC,6580,0,330,17161,473031,27.564,52.0030303030303,1433.4272727272728
2020-019,A08,4812,LC,6580,0,161,14463,240502,16.629,89.83229813664596,1493.8012422360248
2020-019,A09,5399,LC,6580,0,231,15437,307311,19.907,66.82683982683983,1330.3506493506493
2020-019,A10,4919,LC,6580,0,227,10551,212087,20.101,46.480176211453745,934.3039647577092
2020-019,A11,4218,LC,6580,0,175,14426,265096,18.376,82.43428571428572,1514.8342857142857
2020-019,A12,5004,LC,6580,0,185,16425,283040,17.232,88.78378378378379,1529.945945945946
2020-019,B01,4344,LC,6580,0,238,11528,277789,24.097,48.436974789915965,1167.1806722689075
2020-019,B02,4452,LC,6580,0,192,21532,392774,18.241,112.14583333333333,2045.6979166666667
2020-019,B03,4730,LC,6580,0,123,13748,215815,15.698,111.77235772357723,1754.5934959349593
2020-019,B04,4854,LC,6580,0,275,18905,364504,19.281,68.74545454545455,1325.469090909091
2020-019,B05,4701,LC,6580,0,257,22954,436231,19.005,89.31517509727627,1697.396887159533
2020-019,B06,3893,LC,6580,0,195,15881,340514,21.442,81.44102564102565,1746.225641025641
2020-019,B07,4623,LC,6580,0,267,18696,377235,20.177,70.02247191011236,1412.8651685393259
2020-019,B08,5164,LC,6580,0,147,17685,266600,15.075,120.3061224489796,1813.6054421768708
2020-019,B09,4631,LC,6580,0,351,16518,388452,23.517,47.05982905982906,1106.7008547008547
2020-019,B10,5356,LC,6580,0,258,16247,349985,21.542,62.97286821705426,1356.531007751938
2020-019,B11,5280,LC,6580,0,196,15358,287557,18.724,78.35714285714286,1467.1275510204082
2020-019,B12,4785,LC,6580,0,304,19728,421012,21.341,64.89473684210526,1384.907894736842
2020-019,C01,4277,LC,6580,100,100,7625,172495,22.622,76.25,1724.95
2020-019,C02,4369,LC,6580,100,108,6405,138518,21.627,59.30555555555556,1282.5740740740741
2020-019,C03,3748,LC,6580,100,59,5575,94853,17.014,94.49152542372882,1607.677966101695
2020-019,C04,4118,LC,6580,100,47,4923,105992,21.53,104.74468085106383,2255.148936170213
2020-019,C05,4350,LC,6580,100,76,7373,139904,18.975,97.01315789473684,1840.842105263158
2020-019,C06,4387,LC,6580,100,85,6597,122244,18.53,77.61176470588235,1438.164705882353
2020-019,C07,3691,LC,6580,100,44,4535,51494,11.355,103.06818181818181,1170.3181818181818
2020-019,C08,3621,LC,6580,100,98,6410,144556,22.552,65.40816326530613,1475.061224489796
2020-019,C09,4631,LC,6580,100,73,5791,96664,16.692,79.32876712328768,1324.164383561644
2020-019,C10,4167,LC,6580,100,150,8230,192914,23.44,54.86666666666667,1286.0933333333332
2020-019,C11,4540,LC,6580,100,146,8914,148651,16.676,61.054794520547944,1018.1575342465753
2020-019,C12,4292,LC,6580,100,131,7251,131233,18.099,55.35114503816794,1001.7786259541984
2020-019,D01,4958,LC,6580,100,134,11342,255403,22.518,84.64179104477611,1905.9925373134329
2020-019,D02,3388,LC,6580,100,105,7409,141944,19.158,70.56190476190476,1351.847619047619
2020-019,D03,4229,LC,6580,100,187,9876,257406,26.064,52.81283422459893,1376.5026737967914
2020-019,D04,4825,LC,6580,100,175,11569,257727,22.277,66.10857142857142,1472.7257142857143
2020-019,D05,3998,LC,6580,100,99,5523,149583,27.084,55.78787878787879,1510.939393939394
2020-019,D06,3878,LC,6580,100,161,9066,199134,21.965,56.31055900621118,1236.857142857143
2020-019,D07,4175,LC,6580,100,129,8945,211742,23.672,69.34108527131782,1641.4108527131782
2020-019,D08,5038,LC,6580,100,200,12967,334845,25.823,64.835,1674.225
2020-019,D09,3823,LC,6580,100,156,10000,194281,19.428,64.1025641025641,1245.3910256410256
2020-019,D10,4055,LC,6580,100,78,7921,157138,19.838,101.55128205128206,2014.5897435897436
2020-019,D11,3420,LC,6580,100,94,6109,132512,21.691,64.98936170212765,1409.7021276595744
2020-019,D12,4390,LC,6580,100,67,4719,98260,20.822,70.43283582089552,1466.5671641791046
2020-019,E01,3942,LC,6580,150,135,7111,158362,22.27,52.67407407407408,1173.0518518518518
2020-019,E02,3312,LC,6580,150,114,6382,123086,19.286,55.98245614035088,1079.701754385965
2020-019,E03,3881,LC,6580,150,163,11785,298463,25.326,72.30061349693251,1831.0613496932515
2020-019,E04,4798,LC,6580,150,105,8261,214172,25.926,78.67619047619047,2039.7333333333333
2020-019,E05,3689,LC,6580,150,113,7859,210455,26.779,69.54867256637168,1862.4336283185842
2020-019,E06,4411,LC,6580,150,80,6219,113220,18.205,77.7375,1415.25
2020-019,E07,3563,LC,6580,150,85,7257,137499,18.947,85.37647058823529,1617.6352941176472
2020-019,E08,3790,LC,6580,150,74,4470,81398,18.21,60.4054054054054,1099.972972972973
2020-019,E09,4412,LC,6580,150,76,9045,140344,15.516,119.01315789473684,1846.6315789473683
2020-019,E10,4021,LC,6580,150,56,6963,103030,14.797,124.33928571428571,1839.8214285714287
2020-019,E11,4019,LC,6580,150,59,5609,104971,18.715,95.0677966101695,1779.1694915254238
2020-019,E12,4765,LC,6580,150,99,7114,112512,15.816,71.85858585858585,1136.4848484848485
2020-019,F01,4011,LC,6580,150,59,4234,55044,13,71.76271186440678,932.9491525423729
2020-019,F02,4259,LC,6580,150,45,5012,50372,10.05,111.37777777777778,1119.3777777777777
2020-019,F03,4530,LC,6580,150,38,6360,120069,18.879,167.3684210526316,3159.7105263157896
2020-019,F04,4540,LC,6580,150,76,4668,78175,16.747,61.421052631578945,1028.6184210526317
2020-019,F05,3660,LC,6580,150,62,6655,141169,21.212,107.33870967741936,2276.9193548387098
2020-019,F06,4596,LC,6580,150,78,7099,151701,21.369,91.01282051282051,1944.8846153846155
2020-019,F07,4179,LC,6580,150,54,5433,58241,10.72,100.61111111111111,1078.537037037037
2020-019,F08,4179,LC,6580,150,121,6749,162257,24.042,55.77685950413223,1340.9669421487604
2020-019,F09,4367,LC,6580,150,89,7695,125815,16.35,86.46067415730337,1413.6516853932585
2020-019,F10,3678,LC,6580,150,84,6320,79515,12.581,75.23809523809524,946.6071428571429
2020-019,F11,3251,LC,6580,150,58,4275,54423,12.731,73.70689655172414,938.3275862068965
2020-019,F12,4277,LC,6580,150,73,8180,136915,16.738,112.05479452054794,1875.5479452054794
2020-019,G01,3019,LC,6580,200,36,4267,35888,8.411,118.52777777777777,996.8888888888889
2020-019,G02,2521,LC,6580,200,20,3960,38218,9.651,198,1910.9
2020-019,G03,2206,LC,6580,200,29,3098,25905,8.362,106.82758620689656,893.2758620689655
2020-019,G04,2072,LC,6580,200,14,2023,9239,4.567,144.5,659.9285714285714
2020-019,G05,3136,LC,6580,200,17,2326,10240,4.402,136.8235294117647,602.3529411764706
2020-019,G06,3070,LC,6580,200,14,2386,11913,4.993,170.42857142857142,850.9285714285714
2020-019,G07,2109,LC,6580,200,31,2930,22772,7.772,94.51612903225806,734.5806451612904
2020-019,G08,2417,LC,6580,200,21,2150,10879,5.06,102.38095238095238,518.047619047619
2020-019,G09,1722,LC,6580,200,16,2486,12221,4.916,155.375,763.8125
2020-019,G10,2620,LC,6580,200,11,1613,8299,5.145,146.63636363636363,754.4545454545455
2020-019,G11,5984,LC,6580,200,14,2440,11176,4.58,174.28571428571428,798.2857142857143
2020-019,G12,3213,LC,6580,200,15,1943,11776,6.061,129.53333333333333,785.0666666666667
2020-019,H01,5720,LC,6580,200,52,2336,26363,11.286,44.92307692307692,506.9807692307692
2020-019,H02,3077,LC,6580,200,16,2678,16391,6.121,167.375,1024.4375
2020-019,H03,2981,LC,6580,200,12,3998,18393,4.601,333.1666666666667,1532.75
2020-019,H04,3321,LC,6580,200,13,3167,15069,4.758,243.6153846153846,1159.1538461538462
2020-019,H05,2613,LC,6580,200,20,1407,7583,5.389,70.35,379.15
2020-019,H06,3643,LC,6580,200,23,3510,19099,5.441,152.6086956521739,830.3913043478261
2020-019,H07,3325,LC,6580,200,18,2466,12539,5.085,137,696.6111111111111
2020-019,H08,3817,LC,6580,200,13,1810,9067,5.009,139.23076923076923,697.4615384615385
2020-019,H09,5227,LC,6580,200,8,1954,8817,4.512,244.25,1102.125
2020-019,H10,4097,LC,6580,200,15,3832,19507,5.091,255.46666666666667,1300.4666666666667
2020-019,H11,2985,LC,6580,200,10,1444,8936,6.188,144.4,893.6
2020-019,H12,2549,LC,6580,200,27,3295,20019,6.076,122.03703703703704,741.4444444444445
5-20191031-DMV-Str-XII-H2O2,A05,4308,XII,2800,0,6,128,2828,22.094,21.333333333333332,471.3333333333333
5-20191031-DMV-Str-XII-H2O2,A06,3980,XII,2800,0,8,186,4348,23.376,23.25,543.5
5-20191031-DMV-Str-XII-H2O2,A07,5592,XII,2800,0,7,166,4077,24.56,23.714285714285715,582.4285714285714
5-20191031-DMV-Str-XII-H2O2,A08,4144,XII,2800,0,7,181,3169,17.508,25.857142857142858,452.7142857142857
5-20191031-DMV-Str-XII-H2O2,A09,6713,STR,6800,0,18,1829,30266,16.548,101.61111111111111,1681.4444444444443
5-20191031-DMV-Str-XII-H2O2,A10,5547,STR,6800,0,14,1341,26099,19.462,95.78571428571429,1864.2142857142858
5-20191031-DMV-Str-XII-H2O2,A11,5617,STR,6800,0,25,3544,59955,16.917,141.76,2398.2
5-20191031-DMV-Str-XII-H2O2,A12,6201,STR,6800,0,15,2747,35239,12.828,183.13333333333333,2349.266666666667
5-20191031-DMV-Str-XII-H2O2,B05,4137,XII,2800,0,2,434,3754,8.65,217,1877
5-20191031-DMV-Str-XII-H2O2,B06,4529,XII,2800,0,2,426,6348,14.901,213,3174
5-20191031-DMV-Str-XII-H2O2,B07,4372,XII,2800,0,2,184,1698,9.228,92,849
5-20191031-DMV-Str-XII-H2O2,B08,4336,XII,2800,0,2,93,737,7.925,46.5,368.5
5-20191031-DMV-Str-XII-H2O2,B09,6062,STR,6800,0,12,1486,19213,12.929,123.83333333333333,1601.0833333333333
5-20191031-DMV-Str-XII-H2O2,B10,6659,STR,6800,0,26,2722,49548,18.203,104.6923076923077,1905.6923076923076
5-20191031-DMV-Str-XII-H2O2,B11,5752,STR,6800,0,6,1757,17937,10.209,292.8333333333333,2989.5
5-20191031-DMV-Str-XII-H2O2,B12,5666,STR,6800,0,38,3709,67528,18.207,97.60526315789474,1777.0526315789473
5-20191031-DMV-Str-XII-H2O2,D01,6504,DMV,4445,100,298,14672,254963,17.378,49.23489932885906,855.5805369127517
5-20191031-DMV-Str-XII-H2O2,D02,4459,DMV,4445,100,325,16985,245756,14.469,52.261538461538464,756.1723076923076
5-20191031-DMV-Str-XII-H2O2,D03,5043,DMV,4445,100,303,18787,313280,16.675,62.00330033003301,1033.927392739274
5-20191031-DMV-Str-XII-H2O2,D04,4996,DMV,4445,100,293,16668,354264,21.254,56.88737201365188,1209.0921501706484
5-20191031-DMV-Str-XII-H2O2,D05,4276,XII,2800,100,1,90,692,7.689,90,692
5-20191031-DMV-Str-XII-H2O2,D06,5010,XII,2800,100,3,199,2133,10.719,66.33333333333333,711
5-20191031-DMV-Str-XII-H2O2,D07,4726,XII,2800,100,2,131,1360,10.382,65.5,680
5-20191031-DMV-Str-XII-H2O2,D08,4416,XII,2800,100,2,178,2000,11.236,89,1000
5-20191031-DMV-Str-XII-H2O2,D09,5730,STR,6800,100,18,1245,19652,15.785,69.16666666666667,1091.7777777777778
5-20191031-DMV-Str-XII-H2O2,D10,5050,STR,6800,100,28,1538,26836,17.449,54.92857142857143,958.4285714285714
5-20191031-DMV-Str-XII-H2O2,D11,4851,STR,6800,100,13,1315,14859,11.3,101.15384615384616,1143
5-20191031-DMV-Str-XII-H2O2,D12,5502,STR,6800,100,17,1275,28156,22.083,75,1656.235294117647
5-20191031-DMV-Str-XII-H2O2,E01,4155,DMV,4445,100,195,10428,170289,16.33,53.47692307692308,873.276923076923
5-20191031-DMV-Str-XII-H2O2,E02,4944,DMV,4445,100,277,14166,279855,19.755,51.14079422382672,1010.3068592057762
5-20191031-DMV-Str-XII-H2O2,E03,4238,DMV,4445,100,220,13384,255774,19.11,60.836363636363636,1162.6090909090908
5-20191031-DMV-Str-XII-H2O2,E04,4699,DMV,4445,100,261,17441,318832,18.281,66.82375478927203,1221.5785440613026
5-20191031-DMV-Str-XII-H2O2,E05,4104,XII,2800,100,2,106,1084,10.226,53,542
5-20191031-DMV-Str-XII-H2O2,E06,4711,XII,2800,100,1,125,2800,22.4,125,2800
5-20191031-DMV-Str-XII-H2O2,E07,3906,XII,2800,100,1,122,994,8.148,122,994
5-20191031-DMV-Str-XII-H2O2,E08,4691,XII,2800,100,4,202,1885,9.332,50.5,471.25
5-20191031-DMV-Str-XII-H2O2,E09,5965,STR,6800,0,13,1785,24371,13.653,137.30769230769232,1874.6923076923076
5-20191031-DMV-Str-XII-H2O2,E10,5915,STR,6800,0,20,894,15287,17.1,44.7,764.35
5-20191031-DMV-Str-XII-H2O2,E11,5537,STR,6800,0,10,1236,18021,14.58,123.6,1802.1
5-20191031-DMV-Str-XII-H2O2,E12,6048,STR,6800,0,36,2278,44800,19.666,63.27777777777778,1244.4444444444443
5-20191031-DMV-Str-XII-H2O2,F01,4015,DMV,4445,150,215,9255,125519,13.562,43.04651162790697,583.8093023255814
5-20191031-DMV-Str-XII-H2O2,F02,4950,DMV,4445,150,235,11546,164008,14.205,49.13191489361702,697.9063829787234
5-20191031-DMV-Str-XII-H2O2,F03,4312,DMV,4445,150,294,14208,186270,13.11,48.326530612244895,633.5714285714286
5-20191031-DMV-Str-XII-H2O2,F04,4372,DMV,4445,150,186,11687,143819,12.306,62.833333333333336,773.2204301075269
5-20191031-DMV-Str-XII-H2O2,F05,4095,XII,2800,150,4,146,1437,9.842,36.5,359.25
5-20191031-DMV-Str-XII-H2O2,F08,3984,XII,2800,150,3,89,766,8.607,29.666666666666668,255.33333333333334
5-20191031-DMV-Str-XII-H2O2,F09,5290,STR,6800,150,14,974,18577,19.073,69.57142857142857,1326.9285714285713
5-20191031-DMV-Str-XII-H2O2,F10,5407,STR,6800,150,16,1134,27130,23.924,70.875,1695.625
5-20191031-DMV-Str-XII-H2O2,F11,4878,STR,6800,150,9,779,7847,10.073,86.55555555555556,871.8888888888889
5-20191031-DMV-Str-XII-H2O2,F12,5509,STR,6800,150,20,1145,17531,15.311,57.25,876.55
5-20191031-DMV-Str-XII-H2O2,G01,3739,DMV,4445,150,289,12204,210479,17.247,42.22837370242215,728.3010380622837
5-20191031-DMV-Str-XII-H2O2,G02,4954,DMV,4445,150,285,14332,253042,17.656,50.28771929824561,887.8666666666667
5-20191031-DMV-Str-XII-H2O2,G03,4633,DMV,4445,150,302,17027,297060,17.446,56.38079470198676,983.6423841059602
5-20191031-DMV-Str-XII-H2O2,G04,4258,DMV,4445,150,279,14065,199824,14.207,50.412186379928315,716.2150537634409
5-20191031-DMV-Str-XII-H2O2,G05,4269,XII,2800,150,1,188,1810,9.628,188,1810
5-20191031-DMV-Str-XII-H2O2,G06,4380,XII,2800,150,2,158,1438,9.101,79,719
5-20191031-DMV-Str-XII-H2O2,G07,3985,XII,2800,150,4,71,841,11.845,17.75,210.25
5-20191031-DMV-Str-XII-H2O2,G08,5376,XII,2800,150,1,322,2764,8.584,322,2764
5-20191031-DMV-Str-XII-H2O2,G09,6092,STR,6800,0,32,1806,43005,23.812,56.4375,1343.90625
5-20191031-DMV-Str-XII-H2O2,G10,6168,STR,6800,0,20,2480,37171,14.988,124,1858.55
5-20191031-DMV-Str-XII-H2O2,G11,5692,STR,6800,0,14,1625,29351,18.062,116.07142857142857,2096.5
5-20191031-DMV-Str-XII-H2O2,G12,5653,STR,6800,0,17,1176,25829,21.963,69.17647058823529,1519.3529411764705
5-20191031-DMV-Str-XII-H2O2,H01,5117,DMV,4445,200,236,10666,138909,13.024,45.19491525423729,588.5974576271186
5-20191031-DMV-Str-XII-H2O2,H02,5288,DMV,4445,200,313,13834,199476,14.419,44.198083067092654,637.3035143769968
5-20191031-DMV-Str-XII-H2O2,H03,5222,DMV,4445,200,206,14167,189343,13.365,68.77184466019418,919.1407766990292
5-20191031-DMV-Str-XII-H2O2,H04,2244,DMV,4445,200,55,4022,40940,10.179,73.12727272727273,744.3636363636364
5-20191031-DMV-Str-XII-H2O2,H05,3789,XII,2800,200,1,136,1331,9.787,136,1331
5-20191031-DMV-Str-XII-H2O2,H06,4600,XII,2800,200,3,96,587,6.115,32,195.66666666666666
5-20191031-DMV-Str-XII-H2O2,H07,3476,XII,2800,200,5,94,684,7.277,18.8,136.8
5-20191031-DMV-Str-XII-H2O2,H08,4651,XII,2800,200,3,150,2378,15.853,50,792.6666666666666
5-20191031-DMV-Str-XII-H2O2,H09,5115,STR,6800,200,10,955,12273,12.851,95.5,1227.3
5-20191031-DMV-Str-XII-H2O2,H10,6167,STR,6800,200,22,611,17668,28.917,27.772727272727273,803.0909090909091
5-20191031-DMV-Str-XII-H2O2,H11,6604,STR,6800,200,3,590,4210,7.136,196.66666666666666,1403.3333333333333
5-20191031-DMV-Str-XII-H2O2,H12,5048,STR,6800,200,22,1546,21050,13.616,70.27272727272727,956.8181818181819
8-20191107-SN-RAPHE-H2O2,A01,7451,SN,18300,0,28,2222,23409,10.535,79.35714285714286,836.0357142857143
8-20191107-SN-RAPHE-H2O2,A02,6221,SN,18300,0,32,2695,34353,12.747,84.21875,1073.53125
8-20191107-SN-RAPHE-H2O2,A03,5817,SN,18300,0,25,2071,22308,10.772,82.84,892.32
8-20191107-SN-RAPHE-H2O2,A06,5775,SN,18300,100,8,902,7627,8.456,112.75,953.375
8-20191107-SN-RAPHE-H2O2,A07,4686,SN,18300,100,15,1724,18909,10.968,114.93333333333334,1260.6
8-20191107-SN-RAPHE-H2O2,B01,6903,SN,18300,0,33,2568,28374,11.049,77.81818181818181,859.8181818181819
8-20191107-SN-RAPHE-H2O2,B02,9097,SN,18300,0,37,3047,35247,11.568,82.35135135135135,952.6216216216217
8-20191107-SN-RAPHE-H2O2,B03,9076,SN,18300,0,31,3265,39777,12.183,105.3225806451613,1283.1290322580646
8-20191107-SN-RAPHE-H2O2,B06,7536,SN,18300,100,6,817,5362,6.563,136.16666666666666,893.6666666666666
8-20191107-SN-RAPHE-H2O2,B07,5942,SN,18300,100,8,1463,13615,9.306,182.875,1701.875
8-20191107-SN-RAPHE-H2O2,C01,5989,SN,18300,0,34,3115,32486,10.429,91.61764705882354,955.4705882352941
8-20191107-SN-RAPHE-H2O2,C02,5996,SN,18300,0,42,4075,46900,11.509,97.02380952380952,1116.6666666666667
8-20191107-SN-RAPHE-H2O2,C06,8097,SN,18300,100,30,2705,26468,9.785,90.16666666666667,882.2666666666667
8-20191107-SN-RAPHE-H2O2,C07,4766,SN,18300,100,7,1209,11049,9.139,172.71428571428572,1578.4285714285713
8-20191107-SN-RAPHE-H2O2,D01,5755,SN,18300,0,32,2212,21097,9.538,69.125,659.28125
8-20191107-SN-RAPHE-H2O2,D02,7167,SN,18300,0,39,3210,37795,11.774,82.3076923076923,969.1025641025641
8-20191107-SN-RAPHE-H2O2,D03,6385,SN,18300,0,31,3035,35505,11.699,97.90322580645162,1145.3225806451612
8-20191107-SN-RAPHE-H2O2,D06,5874,SN,18300,100,29,2870,33313,11.607,98.96551724137932,1148.7241379310344
8-20191107-SN-RAPHE-H2O2,D07,6638,SN,18300,100,24,2415,23281,9.64,100.625,970.0416666666666
8-20191107-SN-RAPHE-H2O2,E01,8444,R,28500,0,307,27262,555626,20.381,88.8013029315961,1809.8566775244299
8-20191107-SN-RAPHE-H2O2,E02,7740,R,28500,0,189,32543,547427,16.822,172.1851851851852,2896.4391534391534
8-20191107-SN-RAPHE-H2O2,E03,8116,R,28500,0,203,29394,524504,17.844,144.79802955665025,2583.7635467980294
8-20191107-SN-RAPHE-H2O2,E06,13330,R,28500,100,215,25343,454178,17.921,117.87441860465117,2112.4558139534884
8-20191107-SN-RAPHE-H2O2,E07,7716,R,28500,100,203,27695,434791,15.699,136.42857142857142,2141.8275862068967
8-20191107-SN-RAPHE-H2O2,E08,8615,R,28500,150,132,13848,232623,16.798,104.9090909090909,1762.2954545454545
8-20191107-SN-RAPHE-H2O2,E09,9449,R,28500,150,226,17031,325611,19.119,75.35840707964601,1440.7566371681417
8-20191107-SN-RAPHE-H2O2,E10,8512,R,28500,150,102,16184,234831,14.51,158.66666666666666,2302.264705882353
8-20191107-SN-RAPHE-H2O2,E11,4281,R,28500,200,32,3754,52564,14.002,117.3125,1642.625
8-20191107-SN-RAPHE-H2O2,E12,5111,R,28500,200,62,4489,82679,18.418,72.40322580645162,1333.532258064516
8-20191107-SN-RAPHE-H2O2,F01,6949,R,28500,0,267,30109,495345,16.452,112.76779026217228,1855.2247191011236
8-20191107-SN-RAPHE-H2O2,F02,8459,R,28500,0,329,32880,642437,19.539,99.93920972644376,1952.696048632219
8-20191107-SN-RAPHE-H2O2,F03,8809,R,28500,0,235,34699,563054,16.227,147.65531914893617,2395.9744680851063
8-20191107-SN-RAPHE-H2O2,F06,8809,R,28500,100,172,22147,386815,17.466,128.76162790697674,2248.9244186046512
8-20191107-SN-RAPHE-H2O2,F07,9823,R,28500,100,166,24914,357701,14.357,150.0843373493976,2154.8253012048194
8-20191107-SN-RAPHE-H2O2,F08,8690,R,28500,150,147,18026,296432,16.445,122.62585034013605,2016.544217687075
8-20191107-SN-RAPHE-H2O2,F09,8369,R,28500,150,75,13474,178187,13.225,179.65333333333334,2375.826666666667
8-20191107-SN-RAPHE-H2O2,F10,8946,R,28500,150,104,10406,184364,17.717,100.0576923076923,1772.7307692307693
8-20191107-SN-RAPHE-H2O2,F11,6613,R,28500,200,35,5802,94775,16.335,165.77142857142857,2707.8571428571427
8-20191107-SN-RAPHE-H2O2,F12,5670,R,28500,200,64,6602,125215,18.966,103.15625,1956.484375
8-20191107-SN-RAPHE-H2O2,G01,7750,R,28500,0,319,31892,628829,19.717,99.97492163009404,1971.2507836990596
8-20191107-SN-RAPHE-H2O2,G02,8279,R,28500,0,237,28070,494337,17.611,118.43881856540085,2085.8101265822784
8-20191107-SN-RAPHE-H2O2,G03,8983,R,28500,0,350,32381,644297,19.897,92.51714285714286,1840.8485714285714
8-20191107-SN-RAPHE-H2O2,G06,8085,R,28500,100,213,23269,415657,17.863,109.24413145539906,1951.4413145539907
8-20191107-SN-RAPHE-H2O2,G07,8854,R,28500,100,112,22689,352359,15.53,202.58035714285714,3146.0625
8-20191107-SN-RAPHE-H2O2,G08,7594,R,28500,150,180,15645,310786,19.865,86.91666666666667,1726.588888888889
8-20191107-SN-RAPHE-H2O2,G09,8569,R,28500,150,140,13200,231476,17.536,94.28571428571429,1653.4
8-20191107-SN-RAPHE-H2O2,G10,7373,R,28500,150,107,11771,206240,17.521,110.00934579439253,1927.4766355140187
8-20191107-SN-RAPHE-H2O2,G11,5534,R,28500,200,53,7685,126383,16.445,145,2384.5849056603774
8-20191107-SN-RAPHE-H2O2,G12,5140,R,28500,200,28,3970,52403,13.2,141.78571428571428,1871.5357142857142
8-20191107-SN-RAPHE-H2O2,H01,7132,R,28500,0,232,20278,383192,18.897,87.40517241379311,1651.6896551724137
8-20191107-SN-RAPHE-H2O2,H02,6403,R,28500,0,244,26416,505244,19.126,108.26229508196721,2070.6721311475408
8-20191107-SN-RAPHE-H2O2,H03,9722,R,28500,0,327,29619,603630,20.38,90.57798165137615,1845.9633027522937
8-20191107-SN-RAPHE-H2O2,H06,5739,R,28500,100,97,12676,198509,15.66,130.68041237113403,2046.4845360824743
8-20191107-SN-RAPHE-H2O2,H07,7018,R,28500,100,164,17066,277925,16.285,104.0609756097561,1694.6646341463415
8-20191107-SN-RAPHE-H2O2,H08,6269,R,28500,150,41,7572,101363,13.387,184.6829268292683,2472.268292682927
8-20191107-SN-RAPHE-H2O2,H09,10109,R,28500,150,180,17873,322123,18.023,99.29444444444445,1789.5722222222223
8-20191107-SN-RAPHE-H2O2,H10,5979,R,28500,150,71,5953,106156,17.832,83.84507042253522,1495.1549295774648
8-20191107-SN-RAPHE-H2O2,H11,5290,R,28500,200,43,5404,71949,13.314,125.67441860465117,1673.2325581395348
8-20191107-SN-RAPHE-H2O2,H12,5941,R,28500,200,150,17533,302322,17.243,116.88666666666667,2015.48
12-290191206-SN-VTA-H2O2,G07,NA,SN,12600,100,1,414,2505,6.051,414,2505
2020-018,A12,NA,DMV,NA,0,144,37781,1502643,39.772,262.36805555555554,10435.020833333334
2020-018,B01,NA,STR,NA,0,7,3948,43813,11.098,564,6259
12-290191206-SN-VTA-H2O2,E11,1512,SN,12600,200,1,519,2604,5.017,519,2604
12-290191206-SN-VTA-H2O2,E12,1698,SN,12600,200,4,671,3542,5.279,167.75,885.5
12-290191206-SN-VTA-H2O2,F11,1388,SN,12600,200,1,427,1663,3.895,427,1663
12-290191206-SN-VTA-H2O2,F12,2042,SN,12600,200,1,553,3037,5.492,553,3037
12-290191206-SN-VTA-H2O2,G11,1518,SN,12600,200,2,419,1847,4.408,209.5,923.5
12-290191206-SN-VTA-H2O2,G12,1199,SN,12600,200,1,125,1214,9.712,125,1214
12-290191206-SN-VTA-H2O2,H11,1556,SN,12600,200,1,443,1916,4.325,443,1916
12-290191206-SN-VTA-H2O2,H12,1494,SN,12600,200,3,366,1655,4.522,122,551.6666666666666
8-20191107-SN-RAPHE-H2O2,A12,2702,SN,18300,200,3,496,1838,3.706,165.33333333333334,612.6666666666666
8-20191107-SN-RAPHE-H2O2,B11,2311,SN,18300,200,1,667,2676,4.012,667,2676
8-20191107-SN-RAPHE-H2O2,C11,2868,SN,18300,200,1,667,2991,4.484,667,2991
8-20191107-SN-RAPHE-H2O2,D12,4304,SN,18300,200,4,1008,8494,8.427,252,2123.5
2020-006,G01,9149,SN,11000,200,0,20288,272808,13.447,167.6694214876033,2254.6115702479337
2020-006,G02,9049,SN,11000,200,0,17605,246053,13.976,160.04545454545453,2236.8454545454547
2020-006,G03,8816,SN,11000,200,0,19259,306206,15.899,161.8403361344538,2573.159663865546
2020-006,G04,8619,SN,11000,200,0,18478,295157,15.973,136.8740740740741,2186.348148148148
2020-006,H01,9419,SN,11000,200,0,19787,213237,10.777,271.05479452054794,2921.054794520548
2020-006,H02,9200,SN,11000,200,0,26734,426361,15.948,275.6082474226804,4395.474226804124
2020-006,H03,8809,SN,11000,200,0,12241,171805,14.035,139.10227272727272,1952.3295454545455
2020-006,H04,8982,SN,11000,200,0,19612,307648,15.687,170.5391304347826,2675.2
12-290191206-SN-VTA-H2O2,E08,1469,SN,12600,150,5,342,2033,5.944,68.4,406.6
12-290191206-SN-VTA-H2O2,E09,1666,SN,12600,150,1,388,2255,5.812,388,2255
12-290191206-SN-VTA-H2O2,E10,1559,SN,12600,150,1,476,2205,4.632,476,2205
12-290191206-SN-VTA-H2O2,F08,1491,SN,12600,150,3,286,1373,4.801,95.33333333333333,457.6666666666667
12-290191206-SN-VTA-H2O2,F09,1591,SN,12600,150,1,465,2241,4.819,465,2241
12-290191206-SN-VTA-H2O2,F10,1807,SN,12600,150,4,644,3409,5.293,161,852.25
12-290191206-SN-VTA-H2O2,G10,1270,SN,12600,150,2,364,1914,5.258,182,957
12-290191206-SN-VTA-H2O2,H08,1877,SN,12600,150,2,562,3398,6.046,281,1699
12-290191206-SN-VTA-H2O2,H10,1742,SN,12600,150,4,439,3019,6.877,109.75,754.75
8-20191107-SN-RAPHE-H2O2,A08,4262,SN,18300,150,2,738,3994,5.412,369,1997
8-20191107-SN-RAPHE-H2O2,A09,4927,SN,18300,150,3,626,4778,7.633,208.66666666666666,1592.6666666666667
8-20191107-SN-RAPHE-H2O2,B08,6500,SN,18300,150,9,1178,8911,7.565,130.88888888888889,990.1111111111111
8-20191107-SN-RAPHE-H2O2,B09,4772,SN,18300,150,4,1066,5575,5.23,266.5,1393.75
8-20191107-SN-RAPHE-H2O2,B10,5501,SN,18300,150,9,976,8002,8.199,108.44444444444444,889.1111111111111
8-20191107-SN-RAPHE-H2O2,C08,3603,SN,18300,150,2,658,2935,4.46,329,1467.5
8-20191107-SN-RAPHE-H2O2,C09,5020,SN,18300,150,11,1130,10177,9.006,102.72727272727273,925.1818181818181
8-20191107-SN-RAPHE-H2O2,C10,4342,SN,18300,150,4,779,5883,7.552,194.75,1470.75
8-20191107-SN-RAPHE-H2O2,D08,3837,SN,18300,150,15,1325,12113,9.142,88.33333333333333,807.5333333333333
8-20191107-SN-RAPHE-H2O2,D09,4428,SN,18300,150,7,942,7431,7.889,134.57142857142858,1061.5714285714287
8-20191107-SN-RAPHE-H2O2,D10,6293,SN,18300,150,13,1590,18018,11.332,122.3076923076923,1386
2020-006,E01,8655,SN,11000,150,0,20883,331684,15.883,161.88372093023256,2571.1937984496126
2020-006,E02,8525,SN,11000,150,0,31737,496076,15.631,273.5948275862069,4276.517241379311
2020-006,E03,8700,SN,11000,150,0,30773,485163,15.766,246.184,3881.304
2020-006,F01,9003,SN,11000,150,0,30717,523355,17.038,260.3135593220339,4435.21186440678
2020-006,F02,9146,SN,11000,150,0,33808,583335,17.254,268.3174603174603,4629.642857142857
2020-006,F03,9274,SN,11000,150,0,39579,638395,16.13,321.780487804878,5190.20325203252
2020-006,F04,8344,SN,11000,150,0,31702,523221,16.504,290.8440366972477,4800.192660550459
2020-006,E04,NA,SN,11000,150,0,35413,527499,14.896,350.6237623762376,5222.762376237623
